{
  "parent": "minecraft:item/generated",
  "textures": {
    "layer0": "minecraft:item/paper"
  },
  "overrides": [
    {
      "predicate": {
        "custom_model_data": 1000
      },
      "model": "guru_gui:item/ui/background"
    },
    {
      "predicate": {
        "custom_model_data": 1001
      },
      "model": "guru_gui:item/ui/panel"
    },
    {
      "predicate": {
        "custom_model_data": 1010
      },
      "model": "guru_gui:item/ui/header_bar"
    },
    {
      "predicate": {
        "custom_model_data": 1011
      },
      "model": "guru_gui:item/ui/footer_bar"
    },
    {
      "predicate": {
        "custom_model_data": 1012
      },
      "model": "guru_gui:item/ui/spacer"
    },
    {
      "predicate": {
        "custom_model_data": 1100
      },
      "model": "guru_gui:item/ui/button_primary"
    },
    {
      "predicate": {
        "custom_model_data": 1101
      },
      "model": "guru_gui:item/ui/button_secondary"
    },
    {
      "predicate": {
        "custom_model_data": 1102
      },
      "model": "guru_gui:item/ui/button_danger"
    },
    {
      "predicate": {
        "custom_model_data": 1200
      },
      "model": "guru_gui:item/ui/back"
    },
    {
      "predicate": {
        "custom_model_data": 1201
      },
      "model": "guru_gui:item/ui/close"
    },
    {
      "predicate": {
        "custom_model_data": 1202
      },
      "model": "guru_gui:item/ui/next"
    },
    {
      "predicate": {
        "custom_model_data": 1203
      },
      "model": "guru_gui:item/ui/prev"
    },
    {
      "predicate": {
        "custom_model_data": 1300
      },
      "model": "guru_gui:item/ui/icon_domains"
    },
    {
      "predicate": {
        "custom_model_data": 1301
      },
      "model": "guru_gui:item/ui/icon_market"
    },
    {
      "predicate": {
        "custom_model_data": 1302
      },
      "model": "guru_gui:item/ui/icon_transport"
    },
    {
      "predicate": {
        "custom_model_data": 1303
      },
      "model": "guru_gui:item/ui/icon_profile"
    },
    {
      "predicate": {
        "custom_model_data": 1400
      },
      "model": "guru_gui:item/ui/loading_spinner"
    },
    {
      "predicate": {
        "custom_model_data": 1500
      },
      "model": "guru_gui:item/ui/placeholder"
    }
  ]
}