{
  "model": {
    "type": "minecraft:select",
    "property": "minecraft:custom_model_data",
    "cases": [
      {
        "when": 1000,
        "model": {
          "type": "minecraft:model",
          "model": "guru_gui:item/ui/background"
        }
      },
      {
        "when": 1001,
        "model": {
          "type": "minecraft:model",
          "model": "guru_gui:item/ui/panel"
        }
      },
      {
        "when": 1010,
        "model": {
          "type": "minecraft:model",
          "model": "guru_gui:item/ui/header_bar"
        }
      },
      {
        "when": 1011,
        "model": {
          "type": "minecraft:model",
          "model": "guru_gui:item/ui/footer_bar"
        }
      },
      {
        "when": 1012,
        "model": {
          "type": "minecraft:model",
          "model": "guru_gui:item/ui/spacer"
        }
      },
      {
        "when": 1100,
        "model": {
          "type": "minecraft:model",
          "model": "guru_gui:item/ui/button_primary"
        }
      },
      {
        "when": 1101,
        "model": {
          "type": "minecraft:model",
          "model": "guru_gui:item/ui/button_secondary"
        }
      },
      {
        "when": 1102,
        "model": {
          "type": "minecraft:model",
          "model": "guru_gui:item/ui/button_danger"
        }
      },
      {
        "when": 1200,
        "model": {
          "type": "minecraft:model",
          "model": "guru_gui:item/ui/back"
        }
      },
      {
        "when": 1201,
        "model": {
          "type": "minecraft:model",
          "model": "guru_gui:item/ui/close"
        }
      },
      {
        "when": 1202,
        "model": {
          "type": "minecraft:model",
          "model": "guru_gui:item/ui/next"
        }
      },
      {
        "when": 1203,
        "model": {
          "type": "minecraft:model",
          "model": "guru_gui:item/ui/prev"
        }
      },
      {
        "when": 1300,
        "model": {
          "type": "minecraft:model",
          "model": "guru_gui:item/ui/icon_domains"
        }
      },
      {
        "when": 1301,
        "model": {
          "type": "minecraft:model",
          "model": "guru_gui:item/ui/icon_market"
        }
      },
      {
        "when": 1302,
        "model": {
          "type": "minecraft:model",
          "model": "guru_gui:item/ui/icon_transport"
        }
      },
      {
        "when": 1303,
        "model": {
          "type": "minecraft:model",
          "model": "guru_gui:item/ui/icon_profile"
        }
      },
      {
        "when": 1400,
        "model": {
          "type": "minecraft:model",
          "model": "guru_gui:item/ui/loading_spinner"
        }
      },
      {
        "when": 1500,
        "model": {
          "type": "minecraft:model",
          "model": "guru_gui:item/ui/placeholder"
        }
      }
    ],
    "fallback": {
      "type": "minecraft:model",
      "model": "minecraft:item/paper"
    }
  }
}