{
  "parent": "minecraft:item/paper",
  "overrides": [
    {
      "predicate": {
        "custom_model_data": 2000
      },
      "model": "guru_gui:item/ui/button_primary"
    },
    {
      "predicate": {
        "custom_model_data": 2010
      },
      "model": "guru_gui:item/ui/button_secondary"
    },
    {
      "predicate": {
        "custom_model_data": 2020
      },
      "model": "guru_gui:item/ui/button_danger"
    },
    {
      "predicate": {
        "custom_model_data": 3000
      },
      "model": "guru_gui:item/ui/close"
    },
    {
      "predicate": {
        "custom_model_data": 3010
      },
      "model": "guru_gui:item/ui/back"
    },
    {
      "predicate": {
        "custom_model_data": 3020
      },
      "model": "guru_gui:item/ui/next"
    },
    {
      "predicate": {
        "custom_model_data": 3030
      },
      "model": "guru_gui:item/ui/prev"
    },
    {
      "predicate": {
        "custom_model_data": 4000
      },
      "model": "guru_gui:item/ui/loading_spinner"
    },
    {
      "predicate": {
        "custom_model_data": 5000
      },
      "model": "guru_gui:item/ui/icon"
    },
    {
      "predicate": {
        "custom_model_data": 5100
      },
      "model": "guru_gui:item/ui/icon_domains"
    },
    {
      "predicate": {
        "custom_model_data": 5110
      },
      "model": "guru_gui:item/ui/icon_market"
    },
    {
      "predicate": {
        "custom_model_data": 5120
      },
      "model": "guru_gui:item/ui/icon_transport"
    },
    {
      "predicate": {
        "custom_model_data": 5130
      },
      "model": "guru_gui:item/ui/icon_profile"
    },
    {
      "predicate": {
        "custom_model_data": 9000
      },
      "model": "guru_gui:item/ui/placeholder"
    }
  ]
}