{
  "model": {
    "type": "minecraft:range_dispatch",
    "property": "minecraft:custom_model_data",
    "index": 0,
    "entries": [
      {
        "threshold": 1000.0,
        "model": {
          "type": "minecraft:model",
          "model": "guru_gui:item/ui/background"
        }
      },
      {
        "threshold": 1001.0,
        "model": {
          "type": "minecraft:model",
          "model": "guru_gui:item/ui/panel"
        }
      },
      {
        "threshold": 1010.0,
        "model": {
          "type": "minecraft:model",
          "model": "guru_gui:item/ui/header_bar"
        }
      },
      {
        "threshold": 1011.0,
        "model": {
          "type": "minecraft:model",
          "model": "guru_gui:item/ui/footer_bar"
        }
      },
      {
        "threshold": 1012.0,
        "model": {
          "type": "minecraft:model",
          "model": "guru_gui:item/ui/spacer"
        }
      },
      {
        "threshold": 1100.0,
        "model": {
          "type": "minecraft:model",
          "model": "guru_gui:item/ui/button_primary"
        }
      },
      {
        "threshold": 1101.0,
        "model": {
          "type": "minecraft:model",
          "model": "guru_gui:item/ui/button_secondary"
        }
      },
      {
        "threshold": 1102.0,
        "model": {
          "type": "minecraft:model",
          "model": "guru_gui:item/ui/button_danger"
        }
      },
      {
        "threshold": 1200.0,
        "model": {
          "type": "minecraft:model",
          "model": "guru_gui:item/ui/back"
        }
      },
      {
        "threshold": 1201.0,
        "model": {
          "type": "minecraft:model",
          "model": "guru_gui:item/ui/close"
        }
      },
      {
        "threshold": 1202.0,
        "model": {
          "type": "minecraft:model",
          "model": "guru_gui:item/ui/next"
        }
      },
      {
        "threshold": 1203.0,
        "model": {
          "type": "minecraft:model",
          "model": "guru_gui:item/ui/prev"
        }
      },
      {
        "threshold": 1300.0,
        "model": {
          "type": "minecraft:model",
          "model": "guru_gui:item/ui/icon_domains"
        }
      },
      {
        "threshold": 1301.0,
        "model": {
          "type": "minecraft:model",
          "model": "guru_gui:item/ui/icon_market"
        }
      },
      {
        "threshold": 1302.0,
        "model": {
          "type": "minecraft:model",
          "model": "guru_gui:item/ui/icon_transport"
        }
      },
      {
        "threshold": 1303.0,
        "model": {
          "type": "minecraft:model",
          "model": "guru_gui:item/ui/icon_profile"
        }
      },
      {
        "threshold": 1400.0,
        "model": {
          "type": "minecraft:model",
          "model": "guru_gui:item/ui/loading_spinner"
        }
      },
      {
        "threshold": 1500.0,
        "model": {
          "type": "minecraft:model",
          "model": "guru_gui:item/ui/placeholder"
        }
      }
    ],
    "fallback": {
      "type": "minecraft:model",
      "model": "minecraft:item/paper"
    }
  }
}