{
  "model": {
    "type": "minecraft:select",
    "property": "minecraft:custom_model_data",
    "cases": [
      {
        "when": "background",
        "model": {
          "type": "minecraft:model",
          "model": "guru_gui:item/ui/background"
        }
      },
      {
        "when": "panel",
        "model": {
          "type": "minecraft:model",
          "model": "guru_gui:item/ui/panel"
        }
      },
      {
        "when": "header_bar",
        "model": {
          "type": "minecraft:model",
          "model": "guru_gui:item/ui/header_bar"
        }
      },
      {
        "when": "footer_bar",
        "model": {
          "type": "minecraft:model",
          "model": "guru_gui:item/ui/footer_bar"
        }
      },
      {
        "when": "spacer",
        "model": {
          "type": "minecraft:model",
          "model": "guru_gui:item/ui/spacer"
        }
      },
      {
        "when": "button_primary",
        "model": {
          "type": "minecraft:model",
          "model": "guru_gui:item/ui/button_primary"
        }
      },
      {
        "when": "button_secondary",
        "model": {
          "type": "minecraft:model",
          "model": "guru_gui:item/ui/button_secondary"
        }
      },
      {
        "when": "button_danger",
        "model": {
          "type": "minecraft:model",
          "model": "guru_gui:item/ui/button_danger"
        }
      },
      {
        "when": "back",
        "model": {
          "type": "minecraft:model",
          "model": "guru_gui:item/ui/back"
        }
      },
      {
        "when": "close",
        "model": {
          "type": "minecraft:model",
          "model": "guru_gui:item/ui/close"
        }
      },
      {
        "when": "next",
        "model": {
          "type": "minecraft:model",
          "model": "guru_gui:item/ui/next"
        }
      },
      {
        "when": "prev",
        "model": {
          "type": "minecraft:model",
          "model": "guru_gui:item/ui/prev"
        }
      },
      {
        "when": "icon_domains",
        "model": {
          "type": "minecraft:model",
          "model": "guru_gui:item/ui/icon_domains"
        }
      },
      {
        "when": "icon_market",
        "model": {
          "type": "minecraft:model",
          "model": "guru_gui:item/ui/icon_market"
        }
      },
      {
        "when": "icon_transport",
        "model": {
          "type": "minecraft:model",
          "model": "guru_gui:item/ui/icon_transport"
        }
      },
      {
        "when": "icon_profile",
        "model": {
          "type": "minecraft:model",
          "model": "guru_gui:item/ui/icon_profile"
        }
      },
      {
        "when": "loading_spinner",
        "model": {
          "type": "minecraft:model",
          "model": "guru_gui:item/ui/loading_spinner"
        }
      },
      {
        "when": "placeholder",
        "model": {
          "type": "minecraft:model",
          "model": "guru_gui:item/ui/placeholder"
        }
      }
    ],
    "fallback": {
      "type": "minecraft:model",
      "model": "minecraft:item/paper"
    }
  }
}